{ "height":13,
 "layers":[
        {
         "data":[17, 17, 17, 17, 17, 17, 17, 17, 17, 17, 17, 17, 17, 17, 17, 17, 17, 17, 17, 17, 17, 17, 17, 17, 17, 17, 17, 17, 17, 17, 17, 17, 17, 17, 17, 17, 17, 17, 17, 17, 17, 17, 17, 17, 17, 17, 17, 17, 17, 17, 17, 17, 17, 17, 17, 17, 17, 17, 17, 17, 17, 17, 17, 17, 17, 17, 17, 17, 17, 17, 17, 17, 17, 17, 17, 17, 17, 17, 17, 17, 17, 17, 17, 17, 17, 17, 17, 17, 17, 17, 17, 17, 17, 17, 17, 17, 17, 17, 17, 17, 17, 17, 17, 17, 17, 17, 17, 17, 17, 17, 17, 17, 17, 17, 17, 17, 17, 17, 17, 17, 17, 17, 17, 17, 17, 17, 17, 17, 17, 17, 17, 17, 17, 17, 17, 17, 17, 17, 17, 17, 17, 17, 17, 17, 17, 17, 17, 17, 17, 17, 17, 17, 17, 17, 17, 17, 17, 17, 17, 17, 17, 17, 17, 17, 17, 17, 17, 17, 17, 17, 17, 17, 17, 17, 17, 17, 17, 17, 17, 17, 17, 17, 17, 17, 17, 17, 17, 17, 17, 17, 17, 17, 17, 17, 17, 17, 17, 17, 17, 17, 17, 17, 17, 17, 17, 17, 17, 17, 17, 17, 17, 17, 17, 17, 17, 17, 17, 17, 17, 17, 17],
         "height":13,
         "name":"base",
         "opacity":1,
         "type":"tilelayer",
         "visible":false,
         "width":17,
         "x":0,
         "y":0
        }, 
        {
         "data":[26, 26, 26, 26, 26, 26, 26, 26, 26, 26, 26, 26, 26, 26, 26, 26, 26, 26, 10, 11, 11, 11, 11, 11, 11, 11, 11, 11, 26, 11, 11, 11, 12, 26, 26, 18, 19, 19, 19, 19, 19, 19, 19, 19, 19, 26, 19, 19, 19, 20, 26, 26, 0, 0, 0, 0, 0, 0, 0, 0, 0, 0, 26, 0, 0, 0, 0, 26, 26, 0, 0, 0, 0, 0, 0, 0, 0, 0, 0, 26, 0, 0, 0, 0, 26, 26, 0, 0, 0, 0, 0, 0, 0, 0, 0, 0, 26, 26, 26, 26, 26, 26, 26, 0, 0, 0, 0, 0, 0, 0, 0, 0, 0, 11, 11, 34, 11, 11, 26, 26, 0, 0, 0, 0, 0, 0, 0, 0, 0, 0, 19, 19, 42, 19, 19, 26, 26, 0, 0, 0, 0, 0, 0, 0, 0, 0, 0, 0, 0, 0, 0, 0, 26, 26, 0, 0, 0, 0, 0, 0, 0, 0, 0, 0, 0, 0, 0, 0, 0, 26, 26, 26, 26, 26, 26, 26, 26, 26, 26, 26, 26, 26, 26, 26, 26, 26, 26, 10, 11, 34, 11, 11, 11, 11, 11, 11, 11, 11, 11, 11, 11, 11, 11, 12, 18, 19, 42, 19, 19, 19, 19, 19, 19, 19, 19, 19, 19, 19, 19, 19, 20],
         "height":13,
         "name":"layer0",
         "opacity":1,
         "type":"tilelayer",
         "visible":true,
         "width":17,
         "x":0,
         "y":0
        }, 
        {
         "data":[0, 0, 0, 0, 0, 0, 0, 0, 0, 0, 0, 0, 0, 0, 0, 0, 0, 0, 0, 0, 0, 0, 0, 0, 0, 0, 0, 0, 0, 0, 0, 0, 0, 0, 0, 0, 21, 22, 22, 23, 0, 0, 0, 0, 0, 0, 0, 0, 0, 24, 0, 0, 0, 29, 30, 30, 31, 0, 0, 0, 0, 0, 0, 0, 0, 0, 32, 0, 0, 0, 0, 0, 0, 0, 0, 0, 0, 0, 0, 0, 0, 0, 0, 0, 0, 0, 0, 0, 0, 0, 0, 0, 0, 0, 0, 0, 0, 0, 0, 0, 0, 0, 0, 0, 0, 0, 0, 0, 0, 0, 0, 0, 0, 0, 0, 0, 0, 0, 0, 0, 0, 0, 0, 0, 0, 0, 0, 0, 0, 0, 0, 0, 0, 0, 0, 0, 0, 0, 0, 0, 0, 0, 0, 0, 0, 0, 0, 0, 0, 0, 0, 0, 0, 0, 0, 0, 0, 0, 0, 0, 0, 0, 0, 0, 0, 0, 0, 0, 0, 0, 0, 0, 0, 0, 0, 0, 0, 0, 0, 0, 0, 0, 0, 0, 0, 0, 0, 0, 0, 0, 0, 0, 0, 0, 0, 0, 0, 0, 0, 0, 0, 0, 0, 0, 0, 0, 0, 0, 0, 0, 0, 0, 0, 0, 0, 0, 0, 0, 0, 0, 0],
         "height":13,
         "name":"dynamic",
         "opacity":1,
         "type":"tilelayer",
         "visible":false,
         "width":17,
         "x":0,
         "y":0
        }, 
        {
         "data":[26, 26, 26, 26, 26, 26, 26, 26, 26, 26, 26, 26, 26, 26, 26, 26, 26, 26, 0, 0, 0, 0, 0, 0, 0, 0, 0, 0, 26, 0, 0, 0, 0, 26, 26, 0, 0, 0, 0, 0, 0, 0, 0, 0, 0, 26, 0, 0, 0, 0, 26, 26, 0, 0, 0, 0, 0, 0, 0, 0, 0, 0, 26, 0, 0, 0, 0, 26, 26, 0, 0, 0, 0, 0, 0, 0, 0, 0, 0, 26, 0, 0, 0, 0, 26, 26, 0, 0, 0, 0, 0, 0, 0, 0, 0, 0, 26, 26, 26, 26, 26, 26, 26, 0, 0, 0, 0, 0, 0, 0, 0, 0, 0, 0, 0, 0, 0, 0, 26, 26, 0, 0, 0, 0, 0, 0, 0, 0, 0, 0, 0, 0, 0, 0, 0, 26, 26, 0, 0, 0, 0, 0, 0, 0, 0, 0, 0, 0, 0, 0, 0, 0, 26, 26, 0, 0, 0, 0, 0, 0, 0, 0, 0, 0, 0, 0, 0, 0, 0, 26, 26, 26, 26, 26, 26, 26, 26, 26, 26, 26, 26, 26, 26, 26, 26, 26, 26, 0, 0, 0, 0, 0, 0, 0, 0, 0, 0, 0, 0, 0, 0, 0, 0, 0, 0, 0, 0, 0, 0, 0, 0, 0, 0, 0, 0, 0, 0, 0, 0, 0, 0],
         "height":13,
         "name":"canopy",
         "opacity":1,
         "type":"tilelayer",
         "visible":true,
         "width":17,
         "x":0,
         "y":0
        }, 
        {
         "height":13,
         "name":"dynamic",
         "objects":[],
         "opacity":1,
         "type":"objectgroup",
         "visible":true,
         "width":17,
         "x":0,
         "y":0
        }, 
        {
         "height":13,
         "name":"entities",
         "objects":[
                {
                 "gid":65,
                 "height":0,
                 "name":"pc",
                 "properties":
                    {
                     "inventory.items":"bomb,bomb"
                    },
                 "type":"pc",
                 "visible":true,
                 "width":0,
                 "x":64,
                 "y":320
                }, 
                {
                 "gid":69,
                 "height":0,
                 "name":"cabinet.test",
                 "properties":
                    {
                     "inventory.items":"bomb,bomb"
                    },
                 "type":"shelf",
                 "visible":true,
                 "width":0,
                 "x":320,
                 "y":128
                }, 
                {
                 "gid":69,
                 "height":0,
                 "name":"cabinet.test",
                 "properties":
                    {
                     "inventory.items":"bomb,bomb"
                    },
                 "type":"shelf",
                 "visible":true,
                 "width":0,
                 "x":256,
                 "y":128
                }, 
                {
                 "gid":69,
                 "height":0,
                 "name":"cabinet.test",
                 "properties":
                    {
                     "inventory.items":"bomb,bomb"
                    },
                 "type":"shelf",
                 "visible":true,
                 "width":0,
                 "x":288,
                 "y":128
                }, 
                {
                 "gid":70,
                 "height":0,
                 "name":"exit.bottom",
                 "properties":
                    {

                    },
                 "type":"trigger",
                 "visible":true,
                 "width":0,
                 "x":64,
                 "y":416
                }, 
                {
                 "gid":67,
                 "height":0,
                 "name":"laptop",
                 "properties":
                    {

                    },
                 "type":"computer",
                 "visible":true,
                 "width":0,
                 "x":384,
                 "y":128
                }, 
                {
                 "gid":69,
                 "height":0,
                 "name":"bed",
                 "properties":
                    {

                    },
                 "type":"bed",
                 "visible":true,
                 "width":0,
                 "x":480,
                 "y":128
                }],
         "opacity":1,
         "type":"objectgroup",
         "visible":true,
         "width":17,
         "x":0,
         "y":0
        }, 
        {
         "data":[71, 71, 71, 71, 71, 71, 71, 71, 71, 71, 71, 71, 71, 71, 71, 71, 71, 71, 71, 71, 71, 71, 71, 71, 71, 71, 71, 71, 71, 71, 71, 71, 71, 71, 71, 71, 71, 71, 71, 71, 71, 71, 71, 71, 71, 71, 71, 71, 71, 71, 71, 71, 0, 0, 0, 0, 0, 0, 0, 0, 0, 0, 71, 0, 0, 0, 71, 71, 71, 0, 0, 0, 0, 0, 0, 0, 0, 0, 0, 71, 0, 0, 0, 0, 71, 71, 0, 0, 0, 0, 0, 0, 0, 0, 0, 0, 71, 0, 0, 0, 0, 71, 71, 0, 0, 0, 0, 0, 0, 0, 0, 0, 0, 71, 71, 0, 71, 71, 71, 71, 0, 0, 0, 0, 0, 0, 0, 0, 0, 0, 71, 71, 0, 71, 71, 71, 71, 0, 0, 0, 0, 0, 0, 0, 0, 0, 0, 0, 0, 0, 0, 0, 71, 71, 0, 0, 0, 0, 0, 0, 0, 0, 0, 0, 0, 0, 0, 0, 0, 71, 71, 0, 0, 0, 0, 0, 0, 0, 0, 0, 0, 0, 0, 0, 0, 0, 71, 71, 71, 0, 71, 71, 71, 71, 71, 71, 71, 71, 71, 71, 71, 71, 71, 71, 71, 71, 0, 71, 71, 71, 71, 71, 71, 71, 71, 71, 71, 71, 71, 71, 71],
         "height":13,
         "name":"terrain",
         "opacity":1,
         "type":"tilelayer",
         "visible":false,
         "width":17,
         "x":0,
         "y":0
        }, 
        {
         "height":13,
         "name":"paths",
         "objects":[],
         "opacity":1,
         "type":"objectgroup",
         "visible":false,
         "width":17,
         "x":0,
         "y":0
        }],
 "orientation":"orthogonal",
 "properties":
    {

    },
 "tileheight":32,
 "tilesets":[
        {
         "firstgid":1,
         "image":"..\/tiles\/base_tiles.png",
         "imageheight":256,
         "imagewidth":256,
         "margin":0,
         "name":"MegaBlock",
         "properties":
            {

            },
         "spacing":0,
         "tileheight":32,
         "tilewidth":32
        }, 
        {
         "firstgid":65,
         "image":"..\/tiles\/entities.png",
         "imageheight":32,
         "imagewidth":192,
         "margin":0,
         "name":"entities",
         "properties":
            {
             "xtype":"spawn.pc"
            },
         "spacing":0,
         "tileheight":32,
         "tilewidth":32,
         "transparentcolor":"#00ff00"
        }, 
        {
         "firstgid":71,
         "image":"..\/tiles\/terrain_tiles.png",
         "imageheight":32,
         "imagewidth":32,
         "margin":0,
         "name":"Terrain",
         "properties":
            {

            },
         "spacing":0,
         "tileheight":32,
         "tilewidth":32
        }],
 "tilewidth":32,
 "version":1,
 "width":17
}