{
  "events": {
    "intro": {
      "actions": [
        {
          "xtype" : "nav",
          "target" : "@pc",
          "entity" : "@attendent"
        },{
          "xtype": "dialog",
          "dialog": "Sir you need to wake up.",
          "entity" : "@attendent"
        },{
          "xtype": "question",
          "dialog": "Do you need help moving?",
          "entity" : "@attendent",
          "responses" : [{
              "dialog" : "Yes!",
              "actions" : [{
                "xtype": "dialog",
                "entity" : "@attendent",
                "dialog": "Well I can't help you right now. Eventually an introductary tutorial will go here."
              }]
            },{
              "dialog" : "No",
              "actions" : [{
                "xtype": "dialog",
                "entity" : "@attendent",
                "dialog": "Alright, then you can exit at the top of the space craft."
              }]
          }]
        },{
          "xtype" : "nav",
          "target" : "@stop_1",
          "entity" : "@attendent"
        }
      ]
    },
    "where_am_i": {
      "actions": [
        {
          "xtype": "dialog",
          "dialog": "I'm busy go away.",
          "entity" : "@pc"
        }
      ]
    },
    "exit.docks" : {
      "actions": [{
          "xtype" : "levelLoad",
          "level" : "docks"
        }]
    }
  },
  "triggers":[{"target":"level","listenFor":"start","event":"intro"},{"target":"@attendent","listenFor":"interact","event":"where_am_i"},{"target":"@exit.docks","listenFor":"contact.start","event":"exit.docks"}]    
}