{ "height":21,
 "layers":[
        {
         "data":[17, 17, 17, 17, 17, 17, 17, 17, 17, 17, 17, 17, 17, 17, 17, 17, 17, 17, 17, 17, 17, 17, 17, 17, 17, 17, 17, 17, 17, 17, 17, 17, 17, 17, 17, 17, 17, 17, 17, 17, 17, 17, 17, 17, 17, 17, 17, 17, 17, 17, 17, 17, 17, 17, 17, 17, 17, 17, 17, 17, 17, 17, 17, 17, 17, 17, 17, 17, 17, 17, 17, 17, 17, 17, 17, 17, 17, 17, 17, 17, 17, 17, 17, 17, 17, 17, 17, 17, 17, 17, 17, 17, 17, 17, 17, 17, 17, 17, 17, 17, 17, 17, 17, 17, 17, 17, 17, 17, 17, 17, 17, 17, 17, 17, 17, 17, 17, 17, 17, 17, 17, 17, 17, 17, 17, 17, 17, 17, 17, 17, 17, 17, 17, 17, 17, 17, 17, 17, 17, 17, 17, 17, 17, 17, 17, 17, 17, 17, 17, 17, 17, 17, 17, 17, 17, 17, 17, 17, 17, 17, 17, 17, 17, 17, 17, 17, 17, 17, 17, 17, 17, 17, 17, 17, 17, 17, 17, 17, 17, 17, 17, 17, 17, 17, 17, 17, 17, 17, 17, 17, 17, 17, 17, 17, 17, 17, 17, 17, 17, 17, 17, 17, 17, 17, 17, 17, 17, 17, 17, 17, 17, 17, 17, 17, 17, 17, 17, 17, 17, 17, 17, 17, 17, 17, 17, 17, 17, 17, 17, 17, 17, 17, 17, 17, 17, 17, 17, 17, 17, 17, 17, 17, 17, 17, 17, 17, 17, 17, 17, 17, 17, 17, 17, 17, 17, 17, 17, 17, 17, 17, 17, 17, 17, 17, 17, 17, 17, 17, 17, 17, 17, 17, 17, 17, 17, 17, 17, 17, 17, 17, 17, 17, 17, 17, 17, 17, 17, 17, 17, 17, 17, 17, 17, 17, 17, 17, 17, 17, 17, 17, 17, 17, 17, 17, 17, 17, 17, 17, 17, 17, 17, 17, 17, 17, 17],
         "height":21,
         "name":"base",
         "opacity":1,
         "type":"tilelayer",
         "visible":true,
         "width":15,
         "x":0,
         "y":0
        }, 
        {
         "data":[26, 26, 26, 26, 26, 26, 26, 26, 26, 26, 26, 26, 26, 26, 26, 26, 11, 11, 11, 11, 11, 11, 11, 11, 11, 11, 11, 11, 11, 26, 26, 19, 19, 19, 19, 19, 19, 19, 19, 19, 19, 19, 19, 19, 26, 26, 0, 0, 0, 0, 0, 0, 0, 0, 0, 0, 0, 0, 0, 26, 26, 0, 0, 0, 0, 0, 0, 0, 0, 0, 0, 0, 0, 0, 26, 26, 0, 0, 0, 0, 0, 0, 0, 0, 0, 0, 0, 0, 0, 26, 26, 0, 0, 0, 0, 0, 0, 0, 0, 0, 0, 0, 0, 0, 26, 26, 0, 0, 0, 0, 0, 0, 0, 0, 0, 0, 0, 0, 0, 26, 26, 0, 0, 0, 0, 0, 0, 0, 0, 0, 0, 0, 0, 0, 26, 26, 0, 0, 0, 0, 0, 0, 0, 0, 0, 0, 0, 0, 0, 26, 26, 0, 0, 0, 0, 0, 0, 0, 0, 0, 0, 0, 0, 0, 26, 26, 0, 0, 0, 0, 0, 0, 0, 0, 0, 0, 0, 0, 0, 26, 26, 0, 0, 0, 0, 0, 0, 0, 0, 0, 0, 0, 0, 0, 26, 26, 0, 0, 0, 0, 0, 0, 0, 0, 0, 0, 0, 0, 0, 26, 26, 0, 0, 0, 0, 0, 0, 0, 0, 0, 0, 0, 0, 0, 26, 26, 0, 0, 0, 0, 0, 0, 0, 0, 0, 0, 0, 0, 0, 26, 26, 0, 0, 0, 0, 0, 0, 0, 0, 0, 0, 0, 0, 0, 26, 26, 0, 0, 0, 0, 0, 0, 0, 0, 0, 0, 0, 0, 0, 26, 26, 26, 26, 26, 26, 26, 26, 26, 26, 26, 26, 26, 26, 26, 26, 11, 11, 11, 11, 11, 11, 11, 11, 11, 11, 11, 11, 11, 11, 11, 19, 19, 19, 19, 19, 19, 19, 19, 19, 19, 19, 19, 19, 19, 19],
         "height":21,
         "name":"layer0",
         "opacity":1,
         "type":"tilelayer",
         "visible":true,
         "width":15,
         "x":0,
         "y":0
        }, 
        {
         "data":[0, 0, 0, 0, 0, 0, 0, 0, 0, 0, 0, 0, 0, 0, 0, 0, 0, 0, 0, 0, 0, 0, 0, 0, 0, 0, 0, 0, 0, 0, 0, 21, 22, 23, 0, 21, 22, 22, 22, 23, 0, 21, 22, 23, 0, 0, 29, 30, 31, 0, 29, 30, 30, 30, 31, 0, 29, 30, 31, 0, 0, 21, 22, 23, 0, 21, 22, 22, 22, 23, 0, 21, 22, 23, 0, 0, 29, 30, 31, 0, 29, 30, 30, 30, 31, 0, 29, 30, 31, 0, 0, 21, 22, 23, 0, 21, 22, 22, 22, 23, 0, 21, 22, 23, 0, 0, 29, 30, 31, 0, 29, 30, 30, 30, 31, 0, 29, 30, 31, 0, 0, 21, 22, 23, 0, 21, 22, 22, 22, 23, 0, 21, 22, 23, 0, 0, 29, 30, 31, 0, 29, 30, 30, 30, 31, 0, 29, 30, 31, 0, 0, 21, 22, 23, 0, 21, 22, 22, 22, 23, 0, 21, 22, 23, 0, 0, 29, 30, 31, 0, 29, 30, 30, 30, 31, 0, 29, 30, 31, 0, 0, 21, 22, 23, 0, 21, 22, 22, 22, 23, 0, 21, 22, 23, 0, 0, 29, 30, 31, 0, 29, 30, 30, 30, 31, 0, 29, 30, 31, 0, 0, 21, 22, 23, 0, 21, 22, 22, 22, 23, 0, 21, 22, 23, 0, 0, 29, 30, 31, 0, 29, 30, 30, 30, 31, 0, 29, 30, 31, 0, 0, 21, 22, 23, 0, 21, 22, 22, 22, 23, 0, 21, 22, 23, 0, 0, 29, 30, 31, 0, 29, 30, 30, 30, 31, 0, 29, 30, 31, 0, 0, 0, 0, 0, 0, 0, 0, 0, 0, 0, 0, 0, 0, 0, 0, 0, 0, 0, 0, 0, 0, 0, 0, 0, 0, 0, 0, 0, 0, 0, 0, 0, 0, 0, 0, 0, 0, 0, 0, 0, 0, 0, 0, 0, 0],
         "height":21,
         "name":"dynamic",
         "opacity":1,
         "type":"tilelayer",
         "visible":false,
         "width":15,
         "x":0,
         "y":0
        }, 
        {
         "data":[26, 26, 26, 26, 26, 26, 26, 26, 26, 26, 26, 26, 26, 26, 26, 26, 0, 0, 0, 0, 0, 0, 0, 0, 0, 0, 0, 0, 0, 26, 26, 0, 0, 0, 0, 0, 0, 0, 0, 0, 0, 0, 0, 0, 26, 26, 0, 0, 0, 0, 0, 0, 0, 0, 0, 0, 0, 0, 0, 26, 26, 0, 0, 0, 0, 0, 0, 0, 0, 0, 0, 0, 0, 0, 26, 26, 0, 0, 0, 0, 0, 0, 0, 0, 0, 0, 0, 0, 0, 26, 26, 0, 0, 0, 0, 0, 0, 0, 0, 0, 0, 0, 0, 0, 26, 26, 0, 0, 0, 0, 0, 0, 0, 0, 0, 0, 0, 0, 0, 26, 26, 0, 0, 0, 0, 0, 0, 0, 0, 0, 0, 0, 0, 0, 26, 26, 0, 0, 0, 0, 0, 0, 0, 0, 0, 0, 0, 0, 0, 26, 26, 0, 0, 0, 0, 0, 0, 0, 0, 0, 0, 0, 0, 0, 26, 26, 0, 0, 0, 0, 0, 0, 0, 0, 0, 0, 0, 0, 0, 26, 26, 0, 0, 0, 0, 0, 0, 0, 0, 0, 0, 0, 0, 0, 26, 26, 0, 0, 0, 0, 0, 0, 0, 0, 0, 0, 0, 0, 0, 26, 26, 0, 0, 0, 0, 0, 0, 0, 0, 0, 0, 0, 0, 0, 26, 26, 0, 0, 0, 0, 0, 0, 0, 0, 0, 0, 0, 0, 0, 26, 26, 0, 0, 0, 0, 0, 0, 0, 0, 0, 0, 0, 0, 0, 26, 26, 0, 0, 0, 0, 0, 0, 0, 0, 0, 0, 0, 0, 0, 26, 26, 26, 26, 26, 26, 26, 26, 26, 26, 26, 26, 26, 26, 26, 26, 0, 0, 0, 0, 0, 0, 0, 0, 0, 0, 0, 0, 0, 0, 0, 0, 0, 0, 0, 0, 0, 0, 0, 0, 0, 0, 0, 0, 0, 0],
         "height":21,
         "name":"canopy",
         "opacity":1,
         "type":"tilelayer",
         "visible":false,
         "width":15,
         "x":0,
         "y":0
        }, 
        {
         "height":21,
         "name":"dynamic",
         "objects":[
                {
                 "height":64,
                 "name":"",
                 "properties":
                    {

                    },
                 "type":"",
                 "visible":true,
                 "width":96,
                 "x":32,
                 "y":64
                }, 
                {
                 "height":64,
                 "name":"",
                 "properties":
                    {

                    },
                 "type":"",
                 "visible":true,
                 "width":96,
                 "x":32,
                 "y":128
                }, 
                {
                 "height":64,
                 "name":"",
                 "properties":
                    {

                    },
                 "type":"",
                 "visible":true,
                 "width":96,
                 "x":32,
                 "y":192
                }, 
                {
                 "height":64,
                 "name":"",
                 "properties":
                    {

                    },
                 "type":"",
                 "visible":true,
                 "width":96,
                 "x":32,
                 "y":256
                }, 
                {
                 "height":64,
                 "name":"",
                 "properties":
                    {

                    },
                 "type":"",
                 "visible":true,
                 "width":96,
                 "x":32,
                 "y":320
                }, 
                {
                 "height":64,
                 "name":"",
                 "properties":
                    {

                    },
                 "type":"",
                 "visible":true,
                 "width":96,
                 "x":32,
                 "y":384
                }, 
                {
                 "height":64,
                 "name":"",
                 "properties":
                    {

                    },
                 "type":"",
                 "visible":true,
                 "width":96,
                 "x":32,
                 "y":448
                }, 
                {
                 "height":64,
                 "name":"",
                 "properties":
                    {

                    },
                 "type":"",
                 "visible":true,
                 "width":96,
                 "x":32,
                 "y":512
                }, 
                {
                 "height":64,
                 "name":"",
                 "properties":
                    {

                    },
                 "type":"",
                 "visible":true,
                 "width":160,
                 "x":160,
                 "y":64
                }, 
                {
                 "height":64,
                 "name":"",
                 "properties":
                    {

                    },
                 "type":"",
                 "visible":true,
                 "width":160,
                 "x":160,
                 "y":128
                }, 
                {
                 "height":64,
                 "name":"",
                 "properties":
                    {

                    },
                 "type":"",
                 "visible":true,
                 "width":160,
                 "x":160,
                 "y":192
                }, 
                {
                 "height":64,
                 "name":"",
                 "properties":
                    {

                    },
                 "type":"",
                 "visible":true,
                 "width":96,
                 "x":352,
                 "y":64
                }, 
                {
                 "height":64,
                 "name":"",
                 "properties":
                    {

                    },
                 "type":"",
                 "visible":true,
                 "width":96,
                 "x":352,
                 "y":128
                }, 
                {
                 "height":64,
                 "name":"",
                 "properties":
                    {

                    },
                 "type":"",
                 "visible":true,
                 "width":96,
                 "x":352,
                 "y":192
                }, 
                {
                 "height":64,
                 "name":"",
                 "properties":
                    {

                    },
                 "type":"",
                 "visible":true,
                 "width":96,
                 "x":352,
                 "y":256
                }, 
                {
                 "height":64,
                 "name":"",
                 "properties":
                    {

                    },
                 "type":"",
                 "visible":true,
                 "width":96,
                 "x":352,
                 "y":320
                }, 
                {
                 "height":64,
                 "name":"",
                 "properties":
                    {

                    },
                 "type":"",
                 "visible":true,
                 "width":96,
                 "x":352,
                 "y":384
                }, 
                {
                 "height":64,
                 "name":"",
                 "properties":
                    {

                    },
                 "type":"",
                 "visible":true,
                 "width":96,
                 "x":352,
                 "y":448
                }, 
                {
                 "height":64,
                 "name":"",
                 "properties":
                    {

                    },
                 "type":"",
                 "visible":true,
                 "width":96,
                 "x":352,
                 "y":512
                }, 
                {
                 "height":64,
                 "name":"",
                 "properties":
                    {

                    },
                 "type":"",
                 "visible":true,
                 "width":160,
                 "x":160,
                 "y":256
                }, 
                {
                 "height":64,
                 "name":"",
                 "properties":
                    {

                    },
                 "type":"",
                 "visible":true,
                 "width":160,
                 "x":160,
                 "y":320
                }, 
                {
                 "height":64,
                 "name":"",
                 "properties":
                    {

                    },
                 "type":"",
                 "visible":true,
                 "width":160,
                 "x":160,
                 "y":384
                }, 
                {
                 "height":64,
                 "name":"",
                 "properties":
                    {

                    },
                 "type":"",
                 "visible":true,
                 "width":160,
                 "x":160,
                 "y":448
                }, 
                {
                 "height":64,
                 "name":"",
                 "properties":
                    {

                    },
                 "type":"",
                 "visible":true,
                 "width":160,
                 "x":160,
                 "y":512
                }],
         "opacity":1,
         "type":"objectgroup",
         "visible":false,
         "width":15,
         "x":0,
         "y":0
        }, 
        {
         "height":21,
         "name":"entities",
         "objects":[
                {
                 "gid":65,
                 "height":0,
                 "name":"pc",
                 "properties":
                    {

                    },
                 "type":"pc",
                 "visible":true,
                 "width":0,
                 "x":288,
                 "y":352
                }, 
                {
                 "gid":68,
                 "height":0,
                 "name":"attendent",
                 "properties":
                    {
                     "sprite.src":"man_a"
                    },
                 "type":"citizen",
                 "visible":true,
                 "width":0,
                 "x":128,
                 "y":128
                }, 
                {
                 "gid":66,
                 "height":0,
                 "name":"door.left",
                 "properties":
                    {

                    },
                 "type":"door",
                 "visible":true,
                 "width":0,
                 "x":128,
                 "y":96
                }, 
                {
                 "gid":69,
                 "height":0,
                 "name":"stop_1",
                 "properties":
                    {

                    },
                 "type":"trigger",
                 "visible":true,
                 "width":0,
                 "x":128,
                 "y":416
                }, 
                {
                 "gid":70,
                 "height":0,
                 "name":"exit.docks",
                 "properties":
                    {

                    },
                 "type":"trigger",
                 "visible":true,
                 "width":0,
                 "x":128,
                 "y":32
                }],
         "opacity":1,
         "type":"objectgroup",
         "visible":false,
         "width":15,
         "x":0,
         "y":0
        }, 
        {
         "data":[71, 71, 71, 71, 71, 71, 71, 71, 71, 71, 71, 71, 71, 71, 71, 71, 71, 71, 71, 71, 71, 71, 71, 71, 71, 71, 71, 71, 71, 71, 71, 71, 71, 71, 71, 71, 71, 71, 71, 71, 71, 71, 71, 71, 71, 71, 71, 71, 71, 0, 71, 71, 71, 71, 71, 0, 71, 71, 71, 71, 71, 0, 0, 0, 0, 0, 0, 0, 0, 0, 0, 0, 0, 0, 71, 71, 71, 71, 71, 0, 71, 71, 71, 71, 71, 0, 71, 71, 71, 71, 71, 0, 0, 0, 0, 0, 0, 0, 0, 0, 0, 0, 0, 0, 71, 71, 71, 71, 71, 0, 71, 71, 71, 71, 71, 0, 71, 71, 71, 71, 71, 0, 0, 0, 0, 0, 0, 0, 0, 0, 0, 0, 0, 0, 71, 71, 71, 71, 71, 0, 71, 71, 71, 71, 71, 0, 71, 71, 71, 71, 71, 0, 0, 0, 0, 0, 0, 0, 0, 0, 0, 0, 0, 0, 71, 71, 71, 71, 71, 0, 71, 71, 71, 71, 71, 0, 71, 71, 71, 71, 71, 0, 0, 0, 0, 0, 0, 0, 0, 0, 0, 0, 0, 0, 71, 71, 71, 71, 71, 0, 71, 71, 71, 71, 71, 0, 71, 71, 71, 71, 71, 0, 0, 0, 0, 0, 0, 0, 0, 0, 0, 0, 0, 0, 71, 71, 71, 71, 71, 0, 71, 71, 71, 71, 71, 0, 71, 71, 71, 71, 71, 0, 0, 0, 0, 0, 0, 0, 0, 0, 0, 0, 0, 0, 71, 71, 71, 71, 71, 0, 71, 71, 71, 71, 71, 0, 71, 71, 71, 71, 71, 0, 0, 0, 0, 0, 0, 0, 0, 0, 0, 0, 0, 0, 71, 71, 71, 71, 71, 71, 71, 71, 71, 71, 71, 71, 71, 71, 71, 71, 71, 71, 71, 71, 71, 71, 71, 71, 71, 71, 71, 71, 71, 71, 71],
         "height":21,
         "name":"terrain",
         "opacity":1,
         "type":"tilelayer",
         "visible":false,
         "width":15,
         "x":0,
         "y":0
        }],
 "orientation":"orthogonal",
 "properties":
    {

    },
 "tileheight":32,
 "tilesets":[
        {
         "firstgid":1,
         "image":"..\/tiles\/base_tiles.png",
         "imageheight":256,
         "imagewidth":256,
         "margin":0,
         "name":"MegaBlock",
         "properties":
            {

            },
         "spacing":0,
         "tileheight":32,
         "tilewidth":32
        }, 
        {
         "firstgid":65,
         "image":"..\/tiles\/entities.png",
         "imageheight":32,
         "imagewidth":192,
         "margin":0,
         "name":"entities",
         "properties":
            {
             "xtype":"spawn.pc"
            },
         "spacing":0,
         "tileheight":32,
         "tilewidth":32,
         "transparentcolor":"#00ff00"
        }, 
        {
         "firstgid":71,
         "image":"..\/tiles\/terrain_tiles.png",
         "imageheight":32,
         "imagewidth":32,
         "margin":0,
         "name":"Terrain",
         "properties":
            {

            },
         "spacing":0,
         "tileheight":32,
         "tilewidth":32
        }],
 "tilewidth":32,
 "version":1,
 "width":15
}