{
	"needIdent" : {
		"nodes" : [{
			"nodes" : [{
				"id" : 2,
				"text" : "Move along...",
				"speaker" : "guard",
				"requirements" : [
					"state.get('ganymede.enter')"
				]
			},{
				"id" : 1,
				"text" : "Thank you sir. Welcome to Ganymede.",
				"speaker" : "guard",
				"requirements" : [
					"'ident' in @(pc).inventory.items"
				],
				"postScript" : "state.set('ganymede.enter', true); @(door.out).trigger('interact');"
			},{
				"id" : 1,
				"text" : "You need an Ident Card to enter Ganymede.",
				"speaker" : "guard",
				"responses" : [{
						"id" : 3,
						"text" : "Where can I get an Ident card?",
						"nodes" : [{
								"id" : 6,
								"text" : "You should have been issued one where ever you live.\nCheck with security down the hall they can help."
							}
						]
					},{
						"id" : 4,
						"text" : "Why do I need an Ident card.",
						"nodes" : [{
								"id" : 7,
								"text" : "Everyone one in Ganymede needs an ident card.\nIt's used to pay for goods, and provides access to secure areas."
							}]
					},{
						"id" : 5,
						"command" : "exit"
					}
				]
			}]
		}]
	}
}
	