{
    "chara" : {
        "meta" : {
            "tags" : ["chara"]
        },
        "xform" : {
            
        },
        "sprite" : {
            "container": "entities",
            "src" :  "man_a",
            "offsetx" : -32,
            "offsety" : -58
        },
        "physics" : {
            "width" : 24,
            "height": 16
        },
        "chara" : {
            
        },
        "anim" : {
            "tracks": {
                "walk_down" : { "frames" : [19,20,21,22,23,24,25,26]},
                "walk_up" : { "frames" : [1,2,3,4,5,6,7,8]},
                "walk_left" : { "frames" : [10,11,12,13,14,15,16,17]},
                "walk_right" : { "frames" : [28,29,30,31,32,33,34,35]},
                "stand_down" : { "frames" : [18]},
                "stand_up" : { "frames" : [0]},
                "stand_right" : { "frames" : [27]},
                "stand_left" : { "frames" :[9]}
            }
        },
        "highlight" : {},
        "emote" : {},
        "sound" : {}
    },
    "pc" : {
        "meta" : {
            "inherit" : "chara",
            "tagsBase" : ["pc"]
        },
        "controls" : {},
        "equipable" : {},
        "interact.control" : {},
        "sprite" : {
            "src" :  "man_b"
        }
    },
    "citizen_base" : {
        "meta" : {
            "inherit" : "chara"
        },
        "sprite" : {
            "src" : "man_a"
        },
        "interact" : {
         "targets" : [[0,0]]
        },
        "ai" : {
            "planner" : "citizen",
            "initBehaviour" : "idle"
        }

    },
    "citizen" : {
        "meta" : {
            "inherit" : "citizen_base",
            "tagsBase" : ["citizen"]
        }
    },
    "merchant" : {
        "meta" : {
            "inherit" : "citizen_base",
            "tagsBase" : ["merchant"]
        },
        "sprite" : {
            "src" : "man_d"
        },
        "ai" : {
            "planner" : "merchant",
            "initBehaviour" : "wait"
        }
    },
    "gangmember" : {
        "meta" : {
            "inherit" : "citizen",
            "tagsBase" : ["gangmember"]
        },
        "sprite" : {
            "src" : "man_b"
        },
        "ai" : {
            "behaviour" : "enemy",
            "initBehaviour" : "attackonsight",
            "behaviourOptions" : {
                "target" : "@pc"
            }
        },
        "equipable" : {},
        "interact" : {
            "enabled" : false
        }
    },
    "tilecache" : {
        "xform" : {
            "container": "entityContainer"
        },
        "tilecache" : {}
    },
    "trigger" : {
        "xform" : {
            "container": "entities"
        },
        "physics" : {
            "type" : 2
        }
    },
    "bomb" : {
        "meta" : { "inherit" : "trigger" },
        "bomb" : {},
        "sound": {}
    },
    "guardpost" : {
        "meta" : { "inherit" : "trigger" },
        "guardpost" : {},
        "sound": {}
    },
    "explosion" : {
        "xform" : {},
        "explosion" : {}
    },
    "door" : {
        "meta" : { "inherit" : "trigger" },
        "door" : {},
        "interact" : {
            "targets" : [[0,-2],[0,0]]
        },
        "highlight" : {
            "radius" : 32
        },
        "sprite" : {
            "src" : "door",
            "frame" : 0,
            "container" : "entities",
            "offsetx" : -16,
            "offsety" : -48
        }
    },
    "computer" : {
        "meta" : { "inherit" : "trigger" },
        "computer" : {},
        "sprite" : {
            "src" : "computer",
            "frame" : 0,
            "offsety" : -48,
            "offsetx" : -16,
            "container" : "entities"
        },
        "interact" : {},
        "highlight" : {
            "radius" : 24
        },
        "physics" : {
            "type" : 1
        },
        "anim" : {
            "tracks" : {
                "on" : {
                    "frames" : [0,1,2,3,4,5],
                    "once" : true
                },
                "off" : {
                    "frames" : [5,4,3,2,1,0],
                    "once" : true
                }
            }
        }
    },
    "container" : {
        "meta" : { "inherit" : "trigger" },
        "container" : {},
        "sprite" : {
            "src" : "metal_cabinet_a",
            "frame" : 0,
            "offsety" : -56,
            "offsetx" : -16,
            "container" : "entities"
        },
        "interact" : {},
        "highlight" : {},
        "physics" : {
            "type" : 1
        }
    },
    "shelf" : {
        "meta" : { "inherit" : "container" }
    }
}