{
    "chara" : {
        "meta" : {
            "tags" : ["chara"]
        },
        "xform" : {
            
        },
        "sprite" : {
            "container": "entities",
            "src" :  "man_a",
            "offsetx" : -32,
            "offsety" : -58
        },
        "physics" : {
            "offsetX" : -6,
            "offsetY" : -6
        },
        "chara" : {
            "frames": {
                "walk_down" : [19,20,21,22,23,24,25,26],
                "walk_up" : [1,2,3,4,5,6,7,8],
                "walk_left" : [10,11,12,13,14,15,16,17],
                "walk_right" : [28,29,30,31,32,33,34,35],
                "stand_down" : [18],
                "stand_up" : [0],
                "stand_right" : [27],
                "stand_left" : [9]
            }
        },
        "highlight" : {},
        "emote" : {},
        "sound" : {}
    },
    "pc" : {
        "meta" : {
            "inherit" : "chara"
        },
        "controls" : {},
        "equipable" : {},
        "sprite" : {
            "src" :  "man_b"
        }
    },
    "citizen_base" : {
        "meta" : {
            "inherit" : "chara"
        },
        "sprite" : {
            "src" : "man_a"
        },
        "interact" : {
         "targets" : [[0,0]]
        },
        "ai" : {
            "planner" : "citizen",
            "initBehaviour" : "idle"
        }

    },
    "citizen" : {
        "meta" : {
            "inherit" : "citizen_base",
            "tagsBase" : ["citizen"]
        }
    },
    "merchant" : {
        "meta" : {
            "inherit" : "citizen_base",
            "tagsBase" : ["merchant"]
        },
        "sprite" : {
            "src" : "man_d"
        },
        "ai" : {
            "planner" : "merchant",
            "initBehaviour" : "wait"
        }
    },
    "gangmember" : {
        "meta" : {
            "inherit" : "citizen",
            "tagsBase" : ["gangmember"]
        },
        "sprite" : {
            "src" : "man_b"
        },
        "ai" : {
            "behaviour" : "enemy",
            "initBehaviour" : "attackonsight",
            "behaviourOptions" : {
                "target" : "@pc"
            }
        },
        "equipable" : {},
        "interact" : {
            "enabled" : false
        }
    },
    "tilecache" : {
        "xform" : {
            "container": "entityContainer"
        },
        "tilecache" : {}
    },
    "trigger" : {
        "xform" : {
            "container": "entityContainer"
        },
        "physics" : {
            "type" : 2
        }
    },
    "bomb" : {
        "meta" : { "inherit" : "trigger" },
        "bomb" : {},
        "sound": {}
    },
    "explosion" : {
        "xform" : {},
        "sprite" : {
            "src" : "explosion",
            "container": "entities",
            "offsetx" : -32,
            "offsety" : -32
        },
        "explosion" : {}
    },
    "door" : {
        "meta" : { "inherit" : "trigger" },
        "door" : {},
        "interact" : {
             "targets" : [[0,-2],[0,0]]
            },
        "highlight" : {
            "radius" : 32
        }
    },
    "container" : {
        "meta" : { "inherit" : "trigger" },
        "container" : {},
        "sprite" : {
            "src" : "shelves",
            "frame" : 1,
            "offsetY" : -64,
            "offsetX" : -16
        }
    },
    "shelf" : {
        "meta" : { "inherit" : "container" }
    }
}